,accuracy,val_accuracy,loss,val_loss
0,0.6054025292396545,16.725378036499023,1.0713192224502563,0.8899757862091064
1,0.7751588821411133,13.92032527923584,0.6517572999000549,0.8071369528770447
2,0.8011122941970825,14.764513969421387,0.5022501945495605,0.7522487044334412
3,0.7939618825912476,18.166860580444336,0.49124881625175476,0.7771242260932922
4,0.7966101765632629,20.003515243530273,0.4605679512023926,1.0589414834976196
5,0.8095868825912476,15.815441131591797,0.4238547086715698,0.6551740169525146
6,0.8183262944221497,18.222604751586914,0.40475642681121826,0.5261407494544983
