,accuracy,val_accuracy,loss,val_loss
0,0.7828390002250671,16.725378036499023,0.5066357254981995,0.5147733688354492
1,0.9610699415206909,13.92032527923584,0.23601378500461578,0.46020516753196716
2,0.975900411605835,14.764513969421387,0.10211139917373657,0.4807007610797882
3,0.9743114113807678,18.166860580444336,0.08007808774709702,0.5046546459197998
4,0.9764300584793091,20.003515243530273,0.06453493982553482,0.865317702293396
5,0.9753707647323608,15.815441131591797,0.061014555394649506,0.44860807061195374
6,0.9790784120559692,18.222604751586914,0.053195320069789886,0.38132739067077637
