,mae,val_mae,loss,val_loss
0,10.307503700256348,16.725378036499023,130.71115112304688,208.41236877441406
1,7.0507917404174805,13.92032527923584,69.72891235351562,145.88648986816406
2,6.09625768661499,14.764513969421387,59.67982482910156,162.3048553466797
3,5.5008225440979,18.166860580444336,50.29526901245117,256.3871154785156
4,5.4268317222595215,20.003515243530273,51.29570007324219,293.302001953125
5,5.082680702209473,15.815441131591797,45.3404426574707,225.7305450439453
6,5.119470596313477,18.222604751586914,45.15245819091797,291.18292236328125
